n,rv20,rv200,rv2000
0,0.0000,0.0000,0.0000
5,0.0308,0.0308,0.0308
10,0.1211,0.1211,0.1211
15,0.2280,0.2280,0.2280
20,0.2176,0.2075,0.2075
25,0.2737,0.2217,0.2217
30,0.4048,0.3114,0.3114
35,0.4389,0.3609,0.3609
40,0.4823,0.3529,0.3529
45,0.3579,0.3271,0.3271
50,0.3928,0.3531,0.3531
55,0.2973,0.3405,0.3405
60,0.1983,0.3334,0.3334
65,0.2327,0.3282,0.3282
70,0.1980,0.3327,0.3327
75,0.2519,0.3535,0.3535
80,0.2261,0.3493,0.3493
85,0.2307,0.3392,0.3392
90,0.2167,0.3349,0.3349
95,0.1983,0.3227,0.3227
100,0.1991,0.3196,0.3196
105,0.2713,0.3266,0.3266
110,0.4970,0.3836,0.3836
115,0.6195,0.4108,0.4108
120,0.4655,0.4266,0.4266
125,0.3205,0.4381,0.4381
130,0.2707,0.4423,0.4423
135,0.3939,0.5221,0.5221
140,0.5241,0.6203,0.6203
145,0.4462,0.7021,0.7021
150,0.2436,0.7261,0.7261
155,0.2514,0.7926,0.7926
160,0.2075,0.8550,0.8550
165,0.2080,0.9118,0.9118
170,0.1622,0.9962,0.9962
175,0.2029,1.0838,1.0838
180,0.1782,1.1447,1.1447
185,0.1012,1.2073,1.2073
190,0.1242,1.2447,1.2447
195,0.1762,1.3115,1.3115
200,0.1486,1.3512,1.3456
205,0.1699,1.3804,1.3534
210,0.1947,1.4485,1.3988
215,0.1506,1.4531,1.3990
220,0.1568,1.4753,1.4034
225,0.2146,1.5460,1.4507
230,0.2181,1.5263,1.4724
235,0.1643,1.4942,1.4831
240,0.1384,1.5106,1.4848
245,0.1372,1.5075,1.5030
250,0.1250,1.4510,1.4957
255,0.1476,1.3961,1.4934
260,0.1759,1.3291,1.4845
265,0.1674,1.2595,1.4706
270,0.4154,1.1958,1.4679
275,0.4267,1.0587,1.4682
280,0.4709,0.9429,1.4688
285,0.4384,0.8607,1.4620
290,0.1425,0.7612,1.4571
295,0.2457,0.6936,1.4369
300,0.2241,0.5683,1.4250
305,0.2291,0.4732,1.4088
310,0.2968,0.4629,1.3987
315,0.3139,0.4300,1.3800
320,0.3169,0.3948,1.3622
325,0.3082,0.3584,1.3436
330,0.1884,0.3229,1.3264
335,0.1602,0.3296,1.3080
340,0.1067,0.3349,1.2889
345,0.0896,0.3460,1.2713
350,0.0772,0.3565,1.2552
355,0.0805,0.3686,1.2391
360,0.0798,0.3810,1.2221
365,0.1764,0.4129,1.2124
370,0.1671,0.4239,1.1973
375,0.1696,0.4303,1.1838
380,0.2292,0.4265,1.1703
385,0.1145,0.4219,1.1556
390,0.1267,0.4231,1.1430
395,0.1630,0.4144,1.1332
400,0.1634,0.4097,1.1207
405,0.1989,0.4116,1.1094
410,0.1861,0.3981,1.0968
415,0.1009,0.3972,1.0840
420,0.1409,0.3949,1.0752
425,0.1435,0.3654,1.0654
430,0.1987,0.3520,1.0617
435,0.2774,0.3513,1.0605
440,0.3404,0.3617,1.0652
445,0.3114,0.3525,1.0658
450,1.3641,0.4868,1.1268
455,1.3092,0.4938,1.1277
460,1.2798,0.5052,1.1299
465,1.2660,0.5120,1.1281
470,0.1786,0.4989,1.1270
475,0.1218,0.5061,1.1300
480,0.1686,0.4948,1.1220
485,0.1208,0.4913,1.1165
490,0.1550,0.4898,1.1121
495,0.1338,0.5034,1.1135
500,0.1182,0.5100,1.1119
505,0.1337,0.5102,1.1057
510,0.1538,0.4990,1.0973
515,0.1364,0.4957,1.0897
520,0.1189,0.4924,1.0836
525,0.1795,0.4956,1.0826
530,0.2601,0.5102,1.0863
535,0.2699,0.5245,1.0902
540,0.2465,0.5397,1.0956
545,0.2419,0.5401,1.0961
550,0.1835,0.5274,1.0931
555,0.1983,0.5372,1.0996
560,0.2136,0.5354,1.1006
565,0.2369,0.5136,1.1059
570,0.2562,0.4941,1.1018
575,0.2325,0.4756,1.1023
580,0.1808,0.4749,1.1038
585,0.1814,0.4690,1.1039
590,0.1771,0.4504,1.0982
595,0.1789,0.4274,1.0975
600,0.2325,0.4180,1.0930
605,0.1554,0.4006,1.0880
610,0.1854,0.3727,1.0823
615,0.1998,0.3562,1.0797
620,0.2529,0.3584,1.0762
625,0.2985,0.3494,1.0703
630,0.3663,0.3548,1.0658
635,0.3137,0.3476,1.0599
640,0.2697,0.3529,1.0554
645,0.2353,0.3471,1.0500
650,0.1477,0.2371,1.0440
655,0.1210,0.2303,1.0381
660,0.1311,0.2357,1.0375
665,0.1403,0.2318,1.0344
670,0.1701,0.2361,1.0289
675,0.1763,0.2341,1.0247
680,0.1164,0.2309,1.0198
685,0.1466,0.2362,1.0154
690,0.1459,0.2367,1.0095
695,0.1515,0.2429,1.0027
700,0.1476,0.2457,0.9967
705,0.1344,0.2586,0.9908
710,0.1567,0.2574,0.9860
715,0.1978,0.2607,0.9811
720,0.3163,0.2746,0.9785
725,0.3232,0.2723,0.9761
730,0.3495,0.2672,0.9744
735,0.3386,0.2653,0.9703
740,0.2757,0.2660,0.9650
745,0.2821,0.2651,0.9605
750,0.1924,0.2658,0.9546
755,0.1785,0.2640,0.9495
760,0.1564,0.2574,0.9442
765,0.1679,0.2453,0.9405
770,0.2228,0.2492,0.9364
775,0.2287,0.2513,0.9318
780,0.2152,0.2410,0.9268
785,0.2186,0.2344,0.9231
790,0.1789,0.2344,0.9187
795,0.1103,0.2283,0.9158
800,0.1362,0.2236,0.9108
805,0.1435,0.2281,0.9079
810,0.1821,0.2315,0.9060
815,0.1905,0.2271,0.9035
820,0.1721,0.2234,0.9026
825,0.1493,0.2232,0.8996
830,0.1654,0.2229,0.8988
835,0.1596,0.2255,0.8978
840,0.1501,0.2206,0.8947
845,0.1695,0.2231,0.8906
850,0.2214,0.2307,0.8868
855,0.2210,0.2355,0.8850
860,0.2545,0.2322,0.8809
865,0.2444,0.2307,0.8767
870,0.1760,0.2277,0.8723
875,0.1659,0.2298,0.8700
880,0.1990,0.2377,0.8676
885,0.1948,0.2355,0.8649
890,0.3264,0.2451,0.8618
895,0.3317,0.2474,0.8601
900,0.2308,0.2444,0.8560
905,0.2678,0.2412,0.8547
910,0.1103,0.2412,0.8529
915,0.1218,0.2402,0.8507
920,0.1802,0.2362,0.8514
925,0.2469,0.2516,0.8544
930,0.2573,0.2534,0.8540
935,0.2131,0.2531,0.8527
940,0.1754,0.2495,0.8524
945,0.1757,0.2464,0.8486
950,0.1725,0.2483,0.8468
955,0.1770,0.2375,0.8444
960,0.1779,0.2383,0.8434
965,0.1447,0.2358,0.8410
970,0.2250,0.2431,0.8434
975,0.2237,0.2319,0.8422
980,0.2451,0.2463,0.8463
985,0.2986,0.2570,0.8496
990,0.3534,0.2622,0.8475
995,0.3265,0.2621,0.8450
1000,0.2804,0.2575,0.8428
1005,0.2007,0.2583,0.8412
1010,0.1522,0.2570,0.8381
1015,0.1996,0.2621,0.8354
1020,0.2057,0.2633,0.8325
1025,0.1444,0.2631,0.8288
1030,0.1446,0.2611,0.8256
1035,0.1760,0.2745,0.8229
1040,0.1482,0.2804,0.8194
1045,0.2129,0.2903,0.8171
1050,0.3080,0.3146,0.8170
1055,0.3574,0.3438,0.8164
1060,0.3364,0.3450,0.8133
1065,0.3375,0.3511,0.8107
1070,0.2645,0.3659,0.8082
1075,0.1692,0.3680,0.8049
1080,0.1864,0.3662,0.8020
1085,0.1561,0.3793,0.7995
1090,0.1839,0.3840,0.7979
1095,0.2461,0.3857,0.7953
1100,0.2672,0.3917,0.7926
1105,0.2701,0.3933,0.7900
1110,0.2085,0.3965,0.7873
1115,0.2040,0.3967,0.7848
1120,0.1763,0.3835,0.7818
1125,0.1665,0.3674,0.7791
1130,0.1381,0.3601,0.7760
1135,0.1136,0.3544,0.7734
1140,0.1844,0.3507,0.7718
1145,0.1681,0.3517,0.7693
1150,0.2305,0.3536,0.7674
1155,0.2324,0.3508,0.7650
1160,0.2483,0.3513,0.7643
1165,0.2280,0.3480,0.7616
1170,0.1363,0.3259,0.7590
1175,0.1428,0.3190,0.7568
1180,0.1162,0.2910,0.7544
1185,0.1264,0.2639,0.7523
1190,0.1802,0.2694,0.7522
1195,0.2160,0.2799,0.7524
1200,0.1464,0.2836,0.7516
1205,0.2464,0.2823,0.7502
1210,0.2647,0.2871,0.7488
1215,0.3322,0.3050,0.7503
1220,0.3515,0.3123,0.7497
1225,0.3159,0.3256,0.7496
1230,0.2910,0.3267,0.7475
1235,0.1986,0.3248,0.7462
1240,0.1515,0.3308,0.7455
1245,0.1103,0.3307,0.7451
1250,0.1309,0.3171,0.7455
1255,0.2025,0.3013,0.7452
1260,0.2434,0.2975,0.7439
1265,0.2334,0.2973,0.7437
1270,0.2032,0.2911,0.7436
1275,0.1473,0.2914,0.7433
1280,0.1215,0.2959,0.7451
1285,0.1933,0.3120,0.7515
1290,0.2266,0.3233,0.7589
1295,0.2208,0.3606,0.7683
1300,0.1603,0.3665,0.7721
1305,0.1920,0.3635,0.7744
1310,0.2168,0.3517,0.7746
1315,0.1258,0.3669,0.7813
1320,0.1677,0.3886,0.7883
1325,0.1993,0.3838,0.7910
1330,0.1469,0.3834,0.7956
1335,0.3800,0.3873,0.7947
1340,0.4871,0.3869,0.7922
1345,0.5646,0.4008,0.7901
1350,0.3404,0.3845,0.7895
1355,0.4528,0.3861,0.7919
1360,0.7052,0.4072,0.8001
1365,0.4344,0.4284,0.8091
1370,0.2532,0.4561,0.8211
1375,0.2521,0.5033,0.8373
1380,0.2683,0.5627,0.8609
1385,0.1826,0.6209,0.8816
1390,0.2784,0.6723,0.8990
1395,0.2960,0.7070,0.9132
1400,0.2643,0.7315,0.9279
1405,0.2650,0.7438,0.9448
1410,0.1413,0.7555,0.9598
1415,0.2070,0.8053,0.9819
1420,0.2313,0.8199,0.9984
1425,0.2259,0.8379,1.0167
1430,0.2346,0.8410,1.0338
1435,0.1732,0.8424,1.0481
1440,0.1786,0.8311,1.0569
1445,0.2061,0.8108,1.0624
1450,0.1527,0.7885,1.0667
1455,0.1803,0.7625,1.0709
1460,0.1908,0.7273,1.0780
1465,0.2704,0.7146,1.0851
1470,0.3179,0.6966,1.0927
1475,0.2795,0.6745,1.0954
1480,0.2536,0.6613,1.0988
1485,0.2055,0.6651,1.1022
1490,0.1738,0.6638,1.1087
1495,0.1623,0.6601,1.1125
1500,0.1868,0.6586,1.1157
1505,0.1632,0.6517,1.1179
1510,0.1672,0.6318,1.1248
1515,0.1624,0.6338,1.1288
1520,0.1974,0.6413,1.1288
1525,0.2394,0.6353,1.1315
1530,0.2210,0.6338,1.1342
1535,0.2382,0.5855,1.1376
1540,0.2235,0.5093,1.1396
1545,0.1765,0.4004,1.1409
1550,0.1370,0.3517,1.1435
1555,0.1074,0.3453,1.1457
1560,0.0772,0.3399,1.1475
1565,0.1521,0.3506,1.1486
1570,0.1771,0.3566,1.1501
1575,0.1441,0.3550,1.1508
1580,0.1552,0.3387,1.1521
1585,0.0911,0.3273,1.1531
1590,0.1320,0.3197,1.1533
1595,0.1707,0.3176,1.1546
1600,0.2189,0.3133,1.1581
1605,0.2019,0.3005,1.1586
1610,0.1912,0.2983,1.1590
1615,0.1667,0.2690,1.1582
1620,0.1650,0.2547,1.1606
1625,0.1967,0.2366,1.1598
1630,0.2409,0.2174,1.1649
1635,0.2332,0.2017,1.1660
1640,0.2249,0.2009,1.1676
1645,0.1851,0.2004,1.1673
1650,0.1320,0.2022,1.1683
1655,0.1524,0.1965,1.1696
1660,0.2163,0.2011,1.1735
1665,0.2509,0.1950,1.1735
1670,0.2487,0.1885,1.1754
1675,0.3112,0.1944,1.1791
1680,0.3098,0.2047,1.1769
1685,0.2975,0.2030,1.1780
1690,0.3379,0.2042,1.1791
1695,0.3058,0.2112,1.1790
1700,0.2867,0.2119,1.1808
1705,0.2827,0.2137,1.1800
1710,0.3377,0.2197,1.1805
1715,0.3004,0.2210,1.1815
1720,0.2448,0.2174,1.1808
1725,0.3201,0.2209,1.1819
1730,0.2663,0.2265,1.1800
1735,0.2372,0.2226,1.1810
1740,0.2767,0.2228,1.1814
1745,0.1817,0.2224,1.1808
1750,0.1504,0.2266,1.1803
1755,0.1152,0.2228,1.1801
1760,0.1062,0.2247,1.1810
1765,0.1475,0.2216,1.1802
1770,0.1548,0.2244,1.1821
1775,0.2486,0.2351,1.1853
1780,0.2823,0.2420,1.1887
1785,0.2175,0.2480,1.1919
1790,0.1878,0.2459,1.1945
1795,0.1540,0.2541,1.1994
1800,0.1512,0.2586,1.2038
1805,0.2903,0.2702,1.2046
1810,0.5140,0.2790,1.2017
1815,0.4823,0.2911,1.1989
1820,0.2933,0.3034,1.1963
1825,0.1689,0.3062,1.1951
1830,0.3018,0.3027,1.1960
1835,0.3756,0.3124,1.1960
1840,0.3160,0.3153,1.1939
1845,0.3180,0.3181,1.1954
1850,0.2909,0.3186,1.1970
1855,0.2420,0.3214,1.1956
1860,0.6351,0.3624,1.1933
1865,0.7030,0.3969,1.1915
1870,0.4610,0.4001,1.1894
1875,0.4016,0.4005,1.1871
1880,0.3188,0.4132,1.1844
1885,0.2370,0.4412,1.1816
1890,0.2109,0.4378,1.1793
1895,0.2293,0.4349,1.1774
1900,0.2770,0.4399,1.1756
1905,0.2016,0.4418,1.1738
1910,0.2367,0.4361,1.1719
1915,0.2305,0.4358,1.1696
1920,0.3042,0.4637,1.1676
1925,0.3065,0.4744,1.1650
1930,0.2221,0.4831,1.1621
1935,0.2036,0.5090,1.1600
1940,0.1968,0.5263,1.1580
1945,0.1881,0.5408,1.1553
1950,0.1835,0.5572,1.1528
1955,0.1417,0.5644,1.1501
1960,0.0858,0.5799,1.1479
1965,0.1024,0.5852,1.1453
1970,0.1358,0.5901,1.1434
1975,0.1732,0.5760,1.1412
1980,0.1672,0.5574,1.1388
1985,0.2159,0.5378,1.1369
1990,0.1731,0.5140,1.1343
1995,0.1826,0.4893,1.1332
2000,0.1942,0.4401,1.1290
2005,0.1452,0.4156,1.1168
2010,0.1914,0.4291,1.1072
2015,0.1566,0.4399,1.0939
2020,0.1805,0.4505,1.0840
2025,0.1758,0.4498,1.0762
2030,0.2181,0.4252,1.0544
2035,0.2553,0.4095,1.0349
2040,0.2640,0.4087,1.0274
2045,0.2028,0.3650,1.0120
2050,0.1795,0.3258,0.9949
2055,0.1783,0.3052,0.9758
2060,0.2254,0.3111,0.9583
2065,0.2663,0.3082,0.9420
2070,0.1994,0.2951,0.9238
2075,0.2095,0.2884,0.8975
2080,0.1200,0.2839,0.8748
2085,0.1766,0.2934,0.8597
2090,0.2154,0.2858,0.8431
2095,0.1715,0.2670,0.8306
2100,0.2026,0.2514,0.8115
2105,0.1451,0.2373,0.7988
2110,0.1629,0.2179,0.7943
2115,0.1816,0.2020,0.7875
2120,0.1556,0.1923,0.7791
2125,0.1163,0.1914,0.7715
2130,0.1538,0.1943,0.7642
2135,0.1687,0.1931,0.7639
2140,0.2049,0.1888,0.7639
2145,0.2188,0.1912,0.7650
2150,0.1961,0.1999,0.7643
2155,0.1687,0.1995,0.7658
2160,0.1881,0.2044,0.7666
2165,0.2277,0.2028,0.7670
2170,0.1872,0.2029,0.7680
2175,0.2559,0.2048,0.7696
2180,0.2624,0.2112,0.7695
2185,0.2150,0.2033,0.7697
2190,0.3213,0.2264,0.7704
2195,0.2053,0.2344,0.7699
2200,0.2637,0.2496,0.7706
2205,0.3562,0.2853,0.7717
2210,0.2797,0.3159,0.7724
2215,0.2510,0.3471,0.7727
2220,0.2313,0.3827,0.7743
2225,0.2153,0.4012,0.7751
2230,0.2823,0.4469,0.7774
2235,0.3600,0.4666,0.7788
2240,0.2776,0.4766,0.7792
2245,0.3346,0.4897,0.7797
2250,0.2485,0.4920,0.7797
2255,0.2251,0.4981,0.7797
2260,0.2255,0.4993,0.7795
2265,0.2017,0.5009,0.7787
2270,0.1775,0.4982,0.7746
2275,0.1811,0.5021,0.7750
2280,0.1835,0.5084,0.7750
2285,0.2138,0.5215,0.7764
2290,0.2276,0.5365,0.7783
2295,0.1768,0.5345,0.7760
2300,0.2132,0.5331,0.7756
2305,0.2842,0.5083,0.7741
2310,0.2558,0.5078,0.7720
2315,0.2804,0.5078,0.7699
2320,0.2627,0.5085,0.7666
2325,0.2237,0.4979,0.7629
2330,0.1725,0.4899,0.7600
2335,0.1973,0.4773,0.7575
2340,0.2434,0.4580,0.7540
2345,0.2269,0.4250,0.7497
2350,0.2387,0.3955,0.7449
2355,0.2236,0.3645,0.7414
2360,0.1879,0.3407,0.7368
2365,0.1992,0.3212,0.7294
2370,0.1347,0.3009,0.7242
2375,0.1806,0.2881,0.7198
2380,0.2173,0.2844,0.7172
2385,0.2734,0.2856,0.7144
2390,0.2841,0.2735,0.7106
2395,0.1720,0.2738,0.7058
2400,0.1681,0.2693,0.7024
2405,0.1126,0.2692,0.6995
2410,0.1079,0.2736,0.6947
2415,0.1183,0.2761,0.6911
2420,0.1622,0.2759,0.6898
2425,0.2410,0.2848,0.6882
2430,0.2431,0.2747,0.6876
2435,0.2322,0.2682,0.6861
2440,0.1555,0.2711,0.6861
2445,0.1485,0.2859,0.6874
2450,0.2802,0.2971,0.6785
2455,0.2793,0.3081,0.6791
2460,0.2716,0.3125,0.6798
2465,0.2498,0.3090,0.6795
2470,0.2057,0.3320,0.6819
2475,0.2298,0.3328,0.6827
2480,0.2655,0.3355,0.6823
2485,0.2417,0.3303,0.6840
2490,0.2063,0.3123,0.6842
2495,0.2126,0.3135,0.6855
2500,0.2006,0.3138,0.6868
2505,0.1997,0.3193,0.6879
2510,0.1427,0.3099,0.6869
2515,0.2077,0.2960,0.6862
2520,0.2395,0.2962,0.6871
2525,0.2485,0.2889,0.6878
2530,0.3068,0.2885,0.6890
2535,0.2193,0.2759,0.6903
2540,0.1704,0.2670,0.6901
2545,0.2135,0.2653,0.6906
2550,0.2061,0.2568,0.6907
2555,0.2059,0.2512,0.6917
2560,0.2554,0.2564,0.6917
2565,0.2486,0.2567,0.6924
2570,0.2078,0.2544,0.6927
2575,0.1630,0.2445,0.6930
2580,0.1539,0.2389,0.6935
2585,0.1358,0.2294,0.6942
2590,0.1739,0.2248,0.6955
2595,0.1769,0.2211,0.6956
2600,0.1400,0.2144,0.6946
2605,0.1332,0.2161,0.6946
2610,0.0748,0.2178,0.6940
2615,0.1482,0.2218,0.6944
2620,0.2778,0.2241,0.6945
2625,0.2962,0.2188,0.6941
2630,0.3306,0.2253,0.6926
2635,0.2648,0.2249,0.6916
2640,0.2039,0.2294,0.6916
2645,0.1727,0.2237,0.6916
2650,0.1906,0.2173,0.6920
2655,0.2003,0.2169,0.6917
2660,0.1827,0.2198,0.6924
2665,0.1721,0.2166,0.6925
2670,0.1707,0.2128,0.6926
2675,0.2364,0.2174,0.6938
2680,0.2115,0.2149,0.6936
2685,0.2474,0.2144,0.6929
2690,0.1881,0.2114,0.6918
2695,0.1008,0.2102,0.6901
2700,0.1040,0.2051,0.6891
2705,0.0784,0.1992,0.6868
2710,0.1650,0.2121,0.6861
2715,0.1684,0.2060,0.6852
2720,0.2437,0.2088,0.6826
2725,0.2238,0.2042,0.6828
2730,0.1941,0.2043,0.6825
2735,0.1480,0.2028,0.6814
2740,0.1011,0.2055,0.6787
2745,0.1163,0.2133,0.6778
2750,0.1619,0.2262,0.6773
2755,0.1656,0.2331,0.6747
2760,0.1730,0.2349,0.6733
2765,0.2175,0.2461,0.6735
2770,0.1954,0.2496,0.6720
2775,0.1863,0.2620,0.6694
2780,0.2246,0.2643,0.6690
2785,0.1824,0.2654,0.6682
2790,0.1811,0.2594,0.6678
2795,0.1812,0.2648,0.6680
2800,0.2051,0.2679,0.6669
2805,0.2275,0.2717,0.6663
2810,0.2741,0.2789,0.6666
2815,0.3413,0.2816,0.6675
2820,0.3464,0.2705,0.6678
2825,0.3371,0.2685,0.6675
2830,0.2627,0.2658,0.6670
2835,0.1955,0.2696,0.6675
2840,0.2170,0.2635,0.6678
2845,0.2068,0.2648,0.6669
2850,0.2483,0.2614,0.6648
2855,0.3630,0.2719,0.6660
2860,0.3522,0.2647,0.6640
2865,0.3547,0.2674,0.6632
2870,0.3519,0.2612,0.6627
2875,0.2583,0.2563,0.6634
2880,0.1694,0.2551,0.6616
2885,0.2111,0.2562,0.6619
2890,0.1850,0.2569,0.6586
2895,0.1350,0.2537,0.6584
2900,0.1233,0.2503,0.6581
2905,0.1291,0.2467,0.6588
2910,0.1169,0.2439,0.6588
2915,0.1456,0.2356,0.6587
2920,0.1452,0.2334,0.6584
2925,0.1485,0.2312,0.6583
2930,0.2269,0.2394,0.6594
2935,0.3147,0.2477,0.6601
2940,0.3435,0.2501,0.6604
2945,0.3074,0.2493,0.6594
2950,0.2831,0.2514,0.6597
2955,0.2115,0.2523,0.6595
2960,0.1844,0.2508,0.6593
2965,0.2107,0.2484,0.6596
2970,0.2177,0.2560,0.6602
2975,0.2298,0.2573,0.6600
2980,0.2208,0.2508,0.6596
2985,0.2037,0.2505,0.6588
2990,0.1237,0.2512,0.6579
2995,0.1573,0.2551,0.6584
3000,0.2086,0.2504,0.6585
3005,0.2032,0.2443,0.6575
3010,0.2264,0.2421,0.6572
3015,0.2486,0.2404,0.6568
3020,0.2846,0.2452,0.6566
3025,0.3151,0.2435,0.6555
3030,0.2819,0.2455,0.6545
3035,0.2566,0.2480,0.6519
3040,0.2172,0.2497,0.6504
3045,0.2245,0.2502,0.6478
3050,0.2313,0.2468,0.6414
3055,0.1812,0.2291,0.6353
3060,0.1716,0.2307,0.6327
3065,0.1903,0.2342,0.6307
3070,0.1985,0.2324,0.6270
3075,0.2005,0.2261,0.6247
3080,0.1689,0.2270,0.6221
3085,0.1595,0.2282,0.6186
3090,0.1426,0.2261,0.6137
3095,0.1819,0.2309,0.6123
3100,0.1665,0.2305,0.6103
3105,0.1792,0.2322,0.6086
3110,0.1847,0.2354,0.6064
3115,0.1175,0.2349,0.6050
3120,0.1523,0.2338,0.6043
3125,0.2329,0.2378,0.6029
3130,0.1973,0.2256,0.6007
3135,0.1854,0.2194,0.6002
3140,0.2963,0.2267,0.6000
3145,0.2518,0.2296,0.5990
3150,0.2631,0.2231,0.5964
3155,0.3140,0.2263,0.5965
3160,0.1997,0.2256,0.5959
3165,0.1424,0.2202,0.5951
3170,0.1419,0.2060,0.5941
3175,0.0930,0.2051,0.5934
3180,0.1367,0.2100,0.5918
3185,0.1643,0.2130,0.5917
3190,0.1668,0.2092,0.5917
3195,0.2611,0.2129,0.5925
3200,0.2145,0.2080,0.5919
3205,0.1979,0.2103,0.5904
3210,0.2433,0.2125,0.5901
3215,0.2217,0.2130,0.5901
3220,0.2222,0.2027,0.5892
3225,0.2156,0.2053,0.5888
3230,0.1341,0.2052,0.5879
3235,0.1176,0.2012,0.5880
3240,0.1448,0.1987,0.5883
3245,0.1369,0.1996,0.5882
3250,0.1402,0.2010,0.5878
3255,0.0914,0.2032,0.5870
3260,0.0397,0.2005,0.5865
3265,0.1113,0.2017,0.5870
3270,0.2050,0.2048,0.5874
3275,0.2279,0.2078,0.5875
3280,0.2326,0.2076,0.5876
3285,0.2041,0.2059,0.5869
3290,0.1549,0.2077,0.5855
3295,0.1284,0.2041,0.5831
3300,0.1226,0.2049,0.5829
3305,0.0873,0.1963,0.5827
3310,0.0716,0.1909,0.5825
3315,0.0992,0.1887,0.5815
3320,0.1694,0.1966,0.5810
3325,0.1851,0.1947,0.5810
3330,0.2002,0.1971,0.5804
3335,0.1532,0.1928,0.5794
3340,0.1168,0.1801,0.5778
3345,0.1480,0.1829,0.5752
3350,0.1446,0.1812,0.5747
3355,0.1897,0.1780,0.5749
3360,0.2059,0.1761,0.5728
3365,0.1929,0.1764,0.5706
3370,0.2418,0.1803,0.5676
3375,0.2188,0.1833,0.5622
3380,0.2106,0.1787,0.5530
3385,0.2484,0.1810,0.5456
3390,0.1836,0.1767,0.5385
3395,0.1501,0.1689,0.5331
3400,0.1498,0.1711,0.5276
3405,0.1188,0.1706,0.5211
3410,0.1603,0.1675,0.5155
3415,0.1726,0.1635,0.5055
3420,0.1804,0.1646,0.4984
3425,0.1618,0.1652,0.4905
3430,0.1596,0.1700,0.4830
3435,0.1679,0.1676,0.4767
3440,0.1914,0.1701,0.4737
3445,0.2416,0.1779,0.4725
3450,0.2238,0.1809,0.4708
3455,0.2437,0.1848,0.4691
3460,0.2000,0.1849,0.4658
3465,0.1774,0.1837,0.4628
3470,0.1902,0.1792,0.4591
3475,0.1934,0.1821,0.4578
3480,0.1981,0.1838,0.4561
3485,0.2357,0.1880,0.4551
3490,0.2455,0.1892,0.4520
3495,0.2005,0.1890,0.4499
3500,0.2209,0.1948,0.4488
3505,0.2012,0.1994,0.4475
3510,0.2851,0.2159,0.4444
3515,0.4141,0.2511,0.4447
3520,0.2233,0.2636,0.4453
3525,0.1814,0.2923,0.4460
3530,0.1500,0.3280,0.4473
3535,0.2573,0.3860,0.4502
3540,0.3729,0.4040,0.4502
3545,0.3829,0.4260,0.4514
3550,0.4269,0.4430,0.4513
3555,0.2987,0.4512,0.4506
3560,0.2015,0.4542,0.4496
3565,0.2168,0.4791,0.4514
3570,0.3088,0.5276,0.4562
3575,0.3450,0.5290,0.4558
3580,0.4828,0.5246,0.4540
3585,0.4323,0.5146,0.4527
3590,0.3466,0.5472,0.4564
3595,0.6453,0.6154,0.4635
3600,0.4015,0.6213,0.4626
3605,0.3541,0.6111,0.4621
3610,0.3875,0.6014,0.4616
3615,0.1560,0.5967,0.4615
3620,0.1887,0.5944,0.4594
3625,0.2420,0.5827,0.4589
3630,0.3467,0.5910,0.4556
3635,0.3787,0.6119,0.4554
3640,0.3921,0.6428,0.4565
3645,0.2828,0.6659,0.4589
3650,0.2406,0.7260,0.4620
3655,0.1956,0.7644,0.4633
3660,0.2326,0.8505,0.4669
3665,0.1771,0.9301,0.4729
3670,0.2309,1.0050,0.4770
3675,0.2168,1.0711,0.4791
3680,0.1780,1.1300,0.4841
3685,0.2812,1.1605,0.4860
3690,0.2740,1.2146,0.4896
3695,0.2444,1.2452,0.4914
3700,0.2723,1.2740,0.4926
3705,0.2437,1.2993,0.4945
3710,0.1662,1.3185,0.4954
3715,0.2240,1.3061,0.4952
3720,0.2078,1.3045,0.4964
3725,0.1698,1.2835,0.4959
3730,0.1791,1.2487,0.4969
3735,0.1490,1.1892,0.4969
3740,0.1660,1.1812,0.4986
3745,0.1921,1.1444,0.4992
3750,0.2054,1.1293,0.5024
3755,0.2148,1.1158,0.5051
3760,0.2109,1.1054,0.5068
3765,0.2482,1.0349,0.5065
3770,0.2419,0.9233,0.5068
3775,0.2699,0.9089,0.5086
3780,0.3240,0.9146,0.5098
3785,0.3262,0.9115,0.5129
3790,0.2576,0.8015,0.5147
3795,0.2852,0.6351,0.5179
3800,0.2752,0.5539,0.5184
3805,0.1490,0.5035,0.5232
3810,0.2127,0.4368,0.5282
3815,0.2122,0.3782,0.5316
3820,0.2509,0.3373,0.5360
3825,0.2181,0.2957,0.5408
3830,0.1840,0.2824,0.5451
3835,0.1402,0.2754,0.5490
3840,0.0763,0.2729,0.5527
3845,0.1139,0.2732,0.5571
3850,0.1394,0.2760,0.5605
3855,0.1656,0.2759,0.5643
3860,0.1525,0.2709,0.5679
3865,0.1548,0.2708,0.5723
3870,0.2270,0.2730,0.5781
3875,0.2295,0.2731,0.5843
3880,0.2340,0.2749,0.5885
3885,0.1886,0.2651,0.5927
3890,0.1554,0.2669,0.5994
3895,0.1845,0.2759,0.6072
3900,0.2807,0.2780,0.6080
3905,0.2830,0.2708,0.6131
3910,0.2392,0.2734,0.6196
3915,0.1973,0.2631,0.6222
3920,0.1309,0.2561,0.6257
3925,0.2265,0.2568,0.6289
3930,0.2062,0.2454,0.6335
3935,0.3063,0.2527,0.6334
3940,0.3252,0.2604,0.6337
3945,0.2380,0.2558,0.6339
3950,0.1552,0.2648,0.6342
3955,0.1285,0.2715,0.6352
3960,0.1485,0.2889,0.6344
3965,0.2069,0.2793,0.6357
3970,0.2003,0.2880,0.6348
3975,0.2078,0.3092,0.6339
3980,0.1811,0.3193,0.6332
3985,0.1215,0.3305,0.6318
3990,0.0896,0.3445,0.6312
3995,0.1528,0.3570,0.6288
4000,0.1289,0.3586,0.6286
4005,0.2199,0.3802,0.6286
4010,0.2499,0.3926,0.6268
4015,0.1863,0.4162,0.6245
4020,0.2066,0.4202,0.6224
4025,0.1858,0.4439,0.6203
4030,0.1917,0.4494,0.6189
4035,0.2011,0.4578,0.6163
4040,0.2390,0.4550,0.6148
4045,0.1820,0.4402,0.6138
4050,0.2677,0.4399,0.6124
4055,0.2357,0.4364,0.6127
4060,0.2450,0.4290,0.6112
4065,0.2452,0.4166,0.6082
4070,0.1294,0.3969,0.6071
4075,0.1263,0.3826,0.6054
4080,0.1056,0.3734,0.6042
4085,0.1343,0.3633,0.6023
4090,0.1193,0.3365,0.5999
4095,0.1512,0.3057,0.5985
4100,0.1894,0.3085,0.5976
4105,0.1558,0.2878,0.5932
4110,0.2132,0.2626,0.5932
4115,0.1849,0.2642,0.5936
4120,0.1775,0.2472,0.5929
4125,0.2367,0.2358,0.5912
4130,0.2106,0.2180,0.5907
4135,0.1415,0.2119,0.5885
4140,0.1731,0.2193,0.5877
4145,0.0911,0.2219,0.5844
4150,0.0925,0.2266,0.5825
4155,0.0999,0.2284,0.5799
4160,0.1600,0.2391,0.5795
4165,0.1899,0.2410,0.5785
4170,0.2289,0.2472,0.5780
4175,0.2426,0.2524,0.5769
4180,0.1908,0.2533,0.5773
4185,0.2287,0.2624,0.5790
4190,0.2066,0.2648,0.5791
4195,0.1921,0.2575,0.5799
4200,0.2012,0.2624,0.5805
4205,0.1302,0.2475,0.5801
4210,0.1111,0.2416,0.5811
4215,0.1193,0.2337,0.5822
4220,0.0923,0.2280,0.5816
4225,0.1294,0.2150,0.5833
4230,0.2457,0.2167,0.5841
4235,0.2955,0.2177,0.5873
4240,0.2773,0.2209,0.5894
4245,0.2674,0.2252,0.5914
4250,0.1336,0.2125,0.5926
4255,0.1180,0.2121,0.5941
4260,0.1045,0.2091,0.5951
4265,0.1380,0.2104,0.5966
4270,0.1767,0.2134,0.5986
4275,0.1719,0.2051,0.6002
4280,0.1748,0.2053,0.6035
4285,0.1910,0.2085,0.6056
4290,0.1892,0.2070,0.6060
4295,0.2053,0.1978,0.6083
4300,0.2157,0.1980,0.6116
4305,0.1600,0.1957,0.6125
4310,0.1926,0.2024,0.6152
4315,0.2139,0.2011,0.6155
4320,0.2587,0.2025,0.6184
4325,0.2516,0.1949,0.6209
4330,0.1993,0.1962,0.6228
4335,0.2150,0.1971,0.6226
4340,0.1579,0.1974,0.6224
4345,0.1579,0.1998,0.6249
4350,0.1610,0.2048,0.6254
4355,0.1860,0.2057,0.6275
4360,0.1751,0.1988,0.6274
4365,0.1721,0.1982,0.6285
4370,0.1530,0.1971,0.6299
4375,0.1917,0.2006,0.6303
4380,0.2102,0.2008,0.6327
4385,0.2042,0.1962,0.6332
4390,0.1872,0.1975,0.6362
4395,0.1399,0.2001,0.6394
4400,0.1270,0.2020,0.6430
4405,0.1475,0.2046,0.6448
4410,0.1486,0.2084,0.6471
4415,0.1859,0.2075,0.6482
4420,0.1932,0.2082,0.6506
4425,0.1983,0.2231,0.6550
4430,0.2097,0.2077,0.6546
4435,0.2130,0.2110,0.6565
4440,0.1910,0.2108,0.6586
4445,0.2180,0.2198,0.6571
4450,0.2432,0.2235,0.6583
4455,0.2165,0.2267,0.6585
4460,0.2892,0.2323,0.6601
4465,0.1953,0.2316,0.6628
4470,0.2219,0.2297,0.6601
4475,0.2427,0.2314,0.6593
4480,0.2044,0.2352,0.6593
4485,0.1688,0.2292,0.6578
4490,0.2164,0.2325,0.6594
4495,0.2067,0.2334,0.6591
4500,0.2061,0.2381,0.6584
4505,0.2564,0.2417,0.6578
4510,0.1892,0.2346,0.6580
4515,0.2291,0.2353,0.6600
4520,0.2066,0.2308,0.6581
4525,0.1358,0.2304,0.6579
4530,0.1839,0.2308,0.6558
4535,0.1086,0.2199,0.6546
4540,0.1534,0.2176,0.6561
4545,0.1672,0.2187,0.6572
4550,0.1194,0.2055,0.6585
4555,0.1371,0.2076,0.6590
4560,0.1096,0.2020,0.6591
4565,0.1084,0.1990,0.6596
4570,0.1203,0.1928,0.6599
4575,0.1794,0.1936,0.6624
4580,0.2000,0.1961,0.6636
4585,0.2459,0.1981,0.6647
4590,0.2351,0.1977,0.6636
4595,0.1792,0.1999,0.6651
4600,0.1436,0.1988,0.6643
4605,0.1484,0.1986,0.6665
4610,0.2050,0.2045,0.6696
4615,0.1916,0.1996,0.6687
4620,0.2001,0.2032,0.6684
4625,0.1665,0.2036,0.6708
4630,0.1193,0.2029,0.6729
4635,0.1179,0.2046,0.6765
4640,0.0997,0.2059,0.6757
4645,0.1111,0.1948,0.6772
4650,0.1194,0.1970,0.6789
4655,0.1194,0.2014,0.6817
4660,0.1653,0.2052,0.6838
4665,0.2143,0.2280,0.6919
4670,0.2036,0.2309,0.6953
4675,0.2720,0.2320,0.6958
4680,0.2480,0.2307,0.6997
4685,0.1572,0.2312,0.7037
4690,0.1740,0.2356,0.7086
4695,0.1294,0.2327,0.7108
4700,0.1477,0.2352,0.7150
4705,0.1810,0.2390,0.7202
4710,0.1837,0.2409,0.7240
4715,0.1480,0.2346,0.7256
4720,0.2043,0.2363,0.7300
4725,0.2643,0.2485,0.7359
4730,0.2416,0.2426,0.7414
4735,0.2728,0.2510,0.7484
4740,0.2249,0.2484,0.7537
4745,0.1873,0.2515,0.7605
4750,0.1927,0.2490,0.7658
4755,0.1731,0.2567,0.7739
4760,0.1714,0.2610,0.7834
4765,0.1991,0.2713,0.7920
4770,0.1595,0.2671,0.7982
4775,0.1533,0.2672,0.8069
4780,0.1672,0.2574,0.8109
4785,0.0946,0.2574,0.8194
4790,0.2055,0.2671,0.8282
4795,0.2129,0.2708,0.8372
4800,0.1902,0.2543,0.8415
4805,0.1907,0.2439,0.8480
4810,0.1642,0.2467,0.8554
4815,0.2342,0.2508,0.8655
4820,0.2020,0.2560,0.8760
4825,0.2629,0.2705,0.8879
4830,0.1732,0.2770,0.8999
4835,0.1299,0.2767,0.9079
4840,0.2279,0.2945,0.9216
4845,0.2636,0.2975,0.9337
4850,0.3231,0.3082,0.9470
4855,0.3025,0.3137,0.9569
4860,0.2296,0.3147,0.9661
4865,0.1871,0.3306,0.9820
4870,0.1389,0.3329,0.9932
4875,0.2481,0.3405,1.0096
4880,0.2566,0.3578,1.0268
4885,0.2466,0.3590,1.0382
4890,0.2431,0.3563,1.0501
4895,0.2455,0.3646,1.0677
4900,0.2179,0.3638,1.0811
4905,0.1878,0.3715,1.0959
4910,0.2058,0.3609,1.1087
4915,0.1509,0.3627,1.1244
4920,0.1522,0.3400,1.1361
4925,0.1981,0.3320,1.1464
4930,0.2115,0.3260,1.1574
4935,0.1886,0.3263,1.1681
4940,0.2029,0.3105,1.1768
4945,0.2006,0.2998,1.1860
4950,0.1940,0.2877,1.1932
4955,0.1571,0.2862,1.1998
4960,0.1806,0.2848,1.2109
4965,0.2514,0.2824,1.2235
4970,0.2446,0.2777,1.2355
4975,0.3452,0.2907,1.2468
4980,0.3755,0.2745,1.2572
4985,0.3135,0.2740,1.2687
4990,0.3349,0.2609,1.2760
4995,0.1841,0.2590,1.2866
